PRA,Crime Count,Lat,Lon,Mean Pixel Values,Median Pixel Values,Gray_ratio
0,9,39.04984540888889,-76.99029084888889,-1.0,-1.0,-1.0
1,15,38.94494147466666,-77.11892534,69.47717842323651,61.0,0.3400202742357147
2,21,38.9496903952381,-77.10571043714285,56.598853868194844,56.0,0.0
3,64,38.953057558125,-77.11685264640624,70.23720930232558,67.0,0.15257212639291712
4,85,38.956632392235285,-77.10014633600001,71.08291457286433,66.0,0.20090839629849733
5,79,38.960549460506336,-77.0887165836709,85.59154929577464,74.5,0.7673404100625273
6,41,38.96165975609756,-77.08568711560976,114.85714285714286,96.0,1.945054945054945
7,9,38.97289914444444,-77.07914528777779,76.54646840148699,75.0,0.17294218171461123
8,3,38.97134268666667,-77.07692707333334,63.83969465648855,63.0,0.0
9,20,38.98607933,-77.07730048900001,59.970238095238095,60.0,0.023258175908998577
10,25,38.981753415600004,-77.0616453092,54.67058823529412,58.0,0.0
11,40,38.98607963525,-77.06592468250001,57.286852589641434,56.0,0.007073819862725872
12,26,38.97955025615385,-77.07375665961538,68.11111111111111,67.0,0.03230251071647275
13,20,38.9784565645,-77.0794708535,63.68292682926829,58.0,0.13242735289865548
14,29,38.97833439000001,-77.0892479451724,84.85135135135135,75.0,0.5603876739562624
15,75,38.97360693573333,-77.09272724680001,74.328125,72.0,0.2847728623129693
16,32,38.976576738125,-77.1001901865625,91.61764705882354,82.0,0.7087218869994515
17,19,38.96512361263158,-77.0940861463158,59.70454545454545,59.0,0.02357295928307033
18,29,38.96474639793104,-77.10277447689656,85.2258064516129,74.0,0.6132709139018929
19,54,38.962044783703696,-77.10882402259259,89.01948051948052,77.0,0.7265743073047859
20,33,38.96783133606061,-77.12028647787879,66.56231003039514,64.0,0.10724036808575184
21,33,38.96184703121212,-77.12749266030302,59.98421052631579,58.0,0.037379774871810434
22,8,38.969809711249994,-77.14265322124999,60.90635451505017,57.0,0.07987428842504744
23,16,38.972307075625,-77.10703311,69.29799426934098,70.0,0.08433464849354376
24,78,38.98121869192308,-77.11903067282051,73.08856682769726,71.0,0.09497961448457215
25,60,38.97331228666666,-77.13519335933333,62.45742904841402,62.0,0.023052312067598238
26,59,38.98182836508474,-77.12759131288132,78.49122807017544,72.0,0.39151530231400844
27,9,38.988235324444446,-77.11764376111111,54.4,53.0,0.0
28,14,38.987443097857145,-77.11280149142856,52.96190476190476,53.0,0.0
29,21,38.98241837190477,-77.10932798095239,69.57608695652173,69.5,0.008031496062992126
30,26,38.98063064038461,-77.1033529096154,74.03846153846153,74.5,0.013291222529280168
31,159,38.97919017232705,-77.09534173056603,152.14634146341464,155.0,10.984630163304514
32,38,38.981770727894734,-77.0990372305263,93.4,88.0,0.8379248658318426
33,147,38.98219299238096,-77.09537988285713,153.65625,152.0,inf
34,125,38.983346669679996,-77.0917977876,153.26666666666668,161.0,37.747191011235955
35,44,38.982432149090904,-77.08583065863637,83.9,74.0,0.6980680772769089
36,33,38.98435978636363,-77.07104899757577,60.75,59.0,0.029661016949152543
37,23,38.985078298695655,-77.07412939956522,58.03883495145631,59.0,0.0
38,51,38.99237570588235,-77.0714735145098,62.443661971830984,62.0,0.16609679116254603
39,11,38.99751472818182,-77.07277570090909,88.18947368421053,84.0,0.5141876016627508
40,35,38.99236428742857,-77.0775944422857,71.60443037974683,68.0,0.2140251099903423
41,16,38.989000351250006,-77.08440196937501,70.55454545454545,72.0,0.07255389718076286
42,16,38.99446476875,-77.08863643125,76.57142857142857,71.5,0.15417743324720068
43,20,38.990325335,-77.088577191,78.61290322580645,79.0,0.0
44,23,38.99431110086956,-77.09452249565219,85.62068965517241,81.5,0.2942402918947094
45,46,38.9893802002174,-77.09456101217391,115.07692307692308,102.0,1.7126019945602902
46,43,38.98607822395349,-77.08699957930233,115.3170731707317,108.0,2.6202143950995405
47,46,38.98600206586958,-77.09347186043478,115.23684210526316,111.0,3.123352165725047
48,323,38.9881883280805,-77.09675511665635,168.09803921568627,165.0,inf
49,272,38.99049818569853,-77.09793895033087,143.77464788732394,144.0,60.86666666666667
50,37,38.98543672486487,-77.0964182718919,134.38888888888889,132.5,inf
51,12,38.98604881083333,-77.09947755833333,101.02857142857142,83.0,1.349501661129568
52,2,38.984505925,-77.105336835,64.91666666666667,64.5,0.0
53,13,38.98909078307692,-77.10613871461538,72.66292134831461,71.0,0.12352328005559417
54,100,38.99295779039999,-77.10169121099999,93.5421686746988,88.0,0.8208255159474672
55,77,38.99611325168831,-77.10904819935067,92.2394366197183,85.0,1.0021400183430145
56,44,38.9955600575,-77.11462914931819,76.37219730941705,71.0,0.18147762747138396
57,29,38.9974652075862,-77.12366296379311,71.71984435797665,75.0,0.07915690866510539
58,7,38.99106356714287,-77.12431368857142,63.83888888888889,55.0,0.25942569048662867
59,75,38.99095780906667,-77.134532138,61.980427046263344,60.0,0.05232470318117277
60,58,38.995385242413796,-77.14809728224137,60.40563991323211,57.0,0.0914827734880257
61,29,38.983512751034475,-77.14941402310345,61.794612794612796,60.0,0.07242819995909662
62,12,38.97408193500001,-77.15639137333334,59.49305555555556,59.0,0.026971949172860225
63,15,38.97816239866666,-77.16324528266667,60.949367088607595,59.0,0.052689112374289464
64,5,38.978842364,-77.173555794,50.4390243902439,48.0,0.0
65,-1,-1.0,1.0,76.76190476190476,72.0,0.4346742613029548
66,5,39.011231478,-77.12644272399999,67.51515151515152,64.0,0.0699535777173043
67,22,39.00871579136364,-77.13966463227274,55.45192307692308,54.0,0.014736286455813135
68,53,39.00685466773585,-77.12674840584906,77.96428571428571,74.0,0.1585156760287394
69,10,38.973538228,-77.164512426,59.24581939799331,56.0,0.07113919458217438
70,62,39.00675384112903,-77.11612420774193,77.26726057906458,77.0,0.10624661203405504
71,151,39.01172872536424,-77.105806264702,82.63141025641026,76.0,0.4234602324489965
72,53,39.009336312075476,-77.09492525754717,73.99095022624434,69.0,0.27949921752738655
73,50,38.997351015999996,-77.0989175232,135.52941176470588,134.0,6.389169853213272
74,22,38.99938671227273,-77.09444198045453,131.71130952380952,131.0,5.600298284862043
75,4,39.00825922,-77.08428752,73.57627118644068,72.0,0.18186768309283963
76,12,39.000554541666666,-77.07843896166665,50.26190476190476,48.0,0.0
77,44,39.00161207363636,-77.07007480954543,55.222727272727276,52.0,0.06659057986918923
78,-1,-1.0,1.0,65.85714285714286,63.0,0.20725776281331837
79,51,39.00487865313726,-77.05649267588235,90.16930022573364,66.0,1.9038237859842977
80,3,39.013717670000005,-77.05058672333332,80.38235294117646,79.0,0.25194686211635364
81,40,39.01050641625,-77.04226371475,76.61,74.0,0.23246460746460745
82,15,39.008028640666666,-77.04886807933333,94.79797979797979,79.0,1.0002131287297529
83,35,39.00360409257143,-77.04241896142858,86.2482269503546,77.0,0.7036985149901933
84,11,39.00557866636364,-77.04078574181818,87.04651162790698,86.0,0.42211246200607905
85,78,38.99885118730769,-77.050750085,109.50884955752213,101.0,1.8453667509772362
86,78,38.996591452564104,-77.04354036179487,84.4,77.0,0.5186411400604578
87,42,38.99376383833334,-77.04722667452381,97.93333333333334,96.0,1.2110174593618301
88,64,38.993776976875,-77.0340307240625,113.26086956521739,114.0,2.593103448275862
89,147,38.99084279034014,-77.03131708006804,129.1818181818182,131.5,4.782299084435402
90,254,38.988022269645676,-77.0296569648819,159.11111111111111,158.0,inf
91,107,38.98500022831776,-77.0250453995327,142.0,140.0,7.125
92,48,38.987880378125,-77.02390191520833,163.30769230769232,161.5,inf
93,225,38.99111285991111,-77.02517037955556,174.58333333333334,171.0,inf
94,431,38.99192481856149,-77.02726338916474,171.5531914893617,171.0,inf
95,333,38.9961291124024,-77.03060127468468,137.9375,141.0,10.802139037433156
96,53,38.99908628754717,-77.03628411886793,85.26666666666667,80.0,0.6528818816231584
97,24,39.002570007083335,-77.03794167458334,72.59420289855072,70.0,0.02706581915111749
98,15,39.00044703666667,-77.03187255733333,69.10810810810811,72.0,0.0
99,10,39.003847648999994,-77.03334386899999,52.358024691358025,50.0,0.0
100,32,39.0065404596875,-77.0374394415625,58.22727272727273,47.0,0.2781242205038663
101,55,39.00980979327272,-77.03894397472727,63.36363636363637,54.0,0.3189100542449855
102,6,39.01595764333334,-77.01865044833333,96.11904761904762,88.5,0.7208013640238704
103,3,39.01287156000001,-77.02413469333332,58.032467532467535,57.5,0.029015544041450778
104,45,39.01019765911111,-77.01938471866669,54.85436893203884,55.0,0.0
105,12,39.00657461416667,-77.0243821975,49.66412213740458,47.0,0.0
106,9,39.00346751888889,-77.02577518888889,55.542857142857144,55.0,0.02667018748349617
107,32,38.99967531,-77.0274108971875,71.72727272727273,66.0,0.2671306209850107
108,288,38.997547165729166,-77.02865894215276,149.8048780487805,156.0,7.9273255813953485
109,434,38.99608002626728,-77.02673128230416,176.71428571428572,184.0,inf
110,46,38.99405810130433,-77.02245509630437,140.64,142.0,14.90950226244344
111,100,38.99112417959999,-77.0232845266,145.43478260869566,151.0,16.513089005235603
112,48,38.98937069562499,-77.01591342729166,86.99115044247787,82.0,0.575825585123437
113,69,38.99211367826087,-77.01203978289857,75.81132075471699,68.0,0.6162510056315366
114,36,38.99480219694445,-77.01360997305555,68.83018867924528,66.5,0.2579310344827586
115,25,38.991874503999995,-77.0091914804,50.57142857142857,48.0,0.08588957055214724
116,18,38.99831541277777,-77.01435681999999,70.71111111111111,65.0,0.4227587748714509
117,24,39.00457092083333,-77.02135988416667,59.279411764705884,52.0,0.17010159651669085
118,85,38.99947375399999,-77.02236824035295,85.14285714285714,81.0,0.6162067315361301
119,34,14318.466570507648,38411.87235945618,69.825,51.0,0.7554996857322439
120,68,39.012187354411765,-77.01427045735295,79.24705882352941,77.0,0.1735191637630662
121,6,39.01547713333334,-77.00597470166666,86.31428571428572,83.0,0.3390957446808511
122,17,39.01182889588235,-77.00549975588234,72.08771929824562,72.0,0.0
123,141,39.00366831312057,-77.01122331219858,61.25316455696203,58.0,0.15141180203045684
124,17,39.00631421529411,-77.00592054588236,63.58196721311475,63.0,0.01531413612565445
125,16,39.00834193125,-77.00061047124998,66.87341772151899,69.0,0.1087093389296957
126,133,38.99808440842105,-77.00623772413535,60.72631578947368,58.0,0.15866639887527617
127,138,38.998932150797096,-77.00178204985507,92.4,77.0,1.1700865265760199
128,140,39.00142327071429,-76.99642187221428,65.84375,67.5,0.24196875921013852
129,243,38.995327089465015,-77.0008568960494,81.45333333333333,69.0,0.7489264242771256
130,144,38.99609544833333,-76.99607533729166,82.55172413793103,77.5,0.8472222222222222
131,75,38.99715069493333,-76.99340284933332,125.68571428571428,120.0,9.498806682577566
132,190,38.99919643110526,-76.17984783157895,107.63461538461539,107.0,2.2231500143967753
133,211,39.001860759526075,-76.99319045170616,79.21900826446281,78.0,0.6431816233821891
134,109,39.01036692110092,-76.99896565504588,85.45238095238095,88.0,0.5903400908385953
135,-1,-1.0,1.0,83.83018867924528,72.0,0.8778529163144547
136,125,39.01440123463999,-76.98336810119999,71.68261964735517,73.0,0.41511685728493286
137,143,39.016388238461545,-77.00004664251749,84.78064516129032,89.0,1.720703933747412
138,166,39.014503982951815,-76.97689687228915,110.20547945205479,111.0,2.4631941455015065
139,69,38.98269608724637,-77.0006445210145,-1.0,-1.0,-1.0
140,74,39.02122545716217,-76.97968004797298,97.07377049180327,86.0,1.041192692175112
141,66,39.02510958530305,-76.97523994818182,50.641176470588235,43.5,0.20027884280237016
142,14,39.035616624999996,-76.9881953892857,78.68559411146163,54.0,1.2809156582436676
143,133,39.024856724887215,-76.98549122781955,66.83219178082192,63.0,0.3352719808416011
144,168,39.034480245357145,-76.99769363059525,75.38181818181818,74.0,0.44422189323347555
145,689,39.04339966795356,-76.98410668384616,87.78435517970402,87.0,1.7029032678036713
146,432,39.05431555122685,-76.96151567192129,124.53565365025467,123.0,4.98177370030581
147,142,39.05924042028169,-76.97094912598591,67.590799031477,62.0,0.302187806129589
148,219,39.04651167018264,-76.99104453315067,81.15802469135802,76.0,0.4631855413105413
149,67,39.069354123731344,-76.99432200119402,78.41373239436619,77.0,0.3559946416610851
150,124,39.064032698467756,-77.00745189596775,60.7890870933893,58.0,0.1040765375159612
151,37,39.04856380837838,-76.99849508513513,48.751227495908346,46.0,0.027137931034482757
152,110,39.03827371536363,-77.00193516645454,55.23732718894009,51.5,0.06315135926205154
153,34,39.018555236764705,-77.00350247852941,63.08247422680412,63.0,0.1445940890385335
154,53,39.02466613867925,-77.00710413490565,54.08270676691729,51.0,0.11071649166151945
155,57,39.020429031052636,-77.01235095543859,104.87301587301587,104.0,2.091717360786149
156,67,39.01960268656717,-77.01284841522389,135.9264705882353,137.0,6.490275526742302
157,79,39.02195866594937,-77.01355781215187,70.6470588235294,65.0,0.2900107411385607
158,152,39.03316053263157,-77.01877543105263,83.90220048899755,82.0,0.45703125
159,21,39.028415087619045,-77.01086822666667,47.35398230088496,50.0,0.0
160,84,39.020406989642865,-77.01626338511903,91.9172932330827,88.0,0.5589135424636572
161,12,39.01815602833333,-77.02014002083332,73.65217391304348,72.0,0.020891924467657693
162,41,39.018832419756095,-77.02667556804879,67.9421052631579,68.0,0.047213433925529326
163,75,39.0278923632,-77.024270652,83.63669064748201,82.0,0.5287658623183641
164,24,39.03338157958333,-77.03416335791667,67.22222222222223,60.0,0.4259695736018856
165,26,39.02701722192308,-77.03387936384615,74.84210526315789,81.0,0.2582480091012514
166,8,39.033434998749996,-77.03642309375,111.93548387096774,106.0,3.7664835164835164
167,15,39.02926250266667,-77.03740684333334,79.69,79.0,0.1552623948970716
168,73,39.02200640219178,-77.03992497205478,86.90526315789474,80.0,0.5975232198142415
169,98,39.01653018561223,-77.03565382602042,89.39800995024876,83.0,0.6639503657746088
170,53,39.03322914509434,-77.04251892867924,101.17142857142858,97.0,1.2568514977692797
171,121,39.03294345578512,-77.04817637413224,131.9848484848485,127.0,10.949245541838135
172,28,39.02731005785714,-77.04522050857143,101.75961538461539,99.0,1.1793657331136738
173,52,39.026579878269224,-77.05253216,87.40375586854461,84.0,0.44744207743741254
174,94,39.021845738617024,-77.05088911468086,77.8527397260274,81.0,0.4595826645264848
175,64,39.01727966796875,-77.04711567515625,82.89952153110048,77.0,0.5541801219949767
176,27,39.024155979259255,-77.06447444555555,54.84057971014493,52.0,0.016657710908113917
177,7,39.014868601428574,-77.05981197285713,61.666666666666664,60.0,0.0
178,26,39.01153618038462,-77.07520779384616,59.72222222222222,55.0,0.15871732686607384
179,92,39.02527668706522,-77.0749266397826,100.33464566929133,88.0,1.5915192190359975
180,27,39.018520842592594,-77.08091203666666,58.857142857142854,58.0,0.0
181,15,39.030076472666664,-77.08243639066669,86.59677419354838,83.0,0.9929472902746845
182,82,39.0233555047561,-77.08714966670732,71.24468085106383,73.0,0.09504149123165596
183,19,39.01682323263157,-77.09366021894736,58.67006802721088,55.0,0.06180363188673438
184,24,39.01223015874999,-77.08410527291666,60.69111969111969,60.0,0.06317213391951303
185,78,39.02817302628206,-77.09961933653845,78.09397590361446,71.0,0.614959138927646
186,83,39.04270317313253,-77.10805421048192,166.10638297872342,166.0,66.30172413793103
187,182,39.048669758461536,-77.10972061769232,152.66363636363636,156.0,16.59350445259298
188,121,39.04682531066115,-77.11590245462811,163.61313868613138,168.0,42.60894941634241
189,200,39.03758352395,-77.11444536415,92.60342146189736,85.0,0.736482939632546
190,105,39.02653791847619,-77.10855927799999,86.64341085271317,83.0,0.4973541429432648
191,65,39.02367293076923,-77.11896630646154,75.21835443037975,72.0,0.13863473053892217
192,33,39.020112110303025,-77.11580954969696,79.27443609022556,82.0,0.21770514523300802
193,5,39.028941929999995,-77.125759102,70.59493670886076,72.0,0.11428571428571428
194,58,39.01881318965517,-77.12711410224138,94.04034582132564,89.0,0.6818017832293976
195,29,39.017389317586215,-77.13795912241379,71.45065789473684,71.0,0.08670202121272763
196,3,39.02484733,-77.14408328333333,109.35483870967742,103.5,1.8156146179401993
197,153,39.02624802366013,-77.12836042869282,126.6531100478469,121.0,4.89543429844098
198,13,39.03363869230769,-77.13128463923077,55.28125,52.0,0.09226426744288613
199,39,39.03853930641026,-77.12923923846154,56.59012875536481,53.0,0.07865674083769633
200,79,39.0487925721519,-77.12461973556961,87.24130879345603,78.0,1.1562294667677533
201,35,39.048842820285714,-77.1423060722857,66.31622176591375,64.0,0.11519337016574585
202,9,39.041441603333325,-77.14319822888888,61.1640625,61.0,0.0
203,75,39.043547762133336,-77.15822692159999,61.33227848101266,59.0,0.16911476398733222
204,428,39.022044142079444,-77.14671618051399,182.0,180.0,169.85714285714286
205,27,39.018549737037034,-77.15258271111112,68.3257731958763,64.0,0.1670364500792393
206,10,39.002981603,-77.15801225000001,62.316,61.0,0.030902593965060877
207,3,39.01153492666666,-77.16288415333334,55.74881516587678,50.0,0.20695670018469114
208,17,39.000557058235295,-77.16247449411765,58.24634146341464,53.0,0.11776269599812778
209,6,39.00238737833333,-77.17490404666667,53.527868852459015,49.0,0.09541062801932366
210,47,38.98881923148936,-77.16802047787233,64.94438927507449,62.0,0.15264901829461736
211,31,38.985174499354834,-77.19271744064517,57.174418604651166,54.0,0.039985617445192946
212,1,38.97264819,-77.19584214,73.23611111111111,53.0,0.6966284387855944
213,7,38.99259105,-77.23716101285716,51.572672218016656,47.0,0.04847831941826017
214,34,38.98786885205883,-77.22101638941177,59.69554753309266,59.0,0.007432830364939786
215,41,39.00595974926829,-77.20568779975609,66.48908785674314,64.0,0.11164544408371771
216,35,39.014676901142856,-77.22364604485715,60.74549653579677,57.0,0.07724189902034664
217,7,39.00371092142858,-77.19286867571431,70.83833718244804,67.0,0.14515587082322196
218,51,39.01649535117647,-77.19347484529412,67.28907664453833,66.0,0.13310975609756098
219,11,39.023470489999994,-77.21007182272727,67.64797507788163,60.0,0.22227850951255207
220,55,39.025911114545465,-77.17140955127272,65.87421777221527,62.0,0.1507734353648538
221,40,39.03582903425,-77.16729580175,77.91990846681922,75.0,0.24024767801857586
222,50,39.03972917800001,-77.1825590342,69.98831168831168,67.0,0.0694356247023337
223,28,39.04331453357143,-77.16460272964285,92.81188118811882,90.0,0.5851864378117866
224,61,39.046742189180335,-77.17156031540983,93.21197007481297,88.0,0.5195544353199447
225,25,39.0500058448,-77.1816766888,70.89949748743719,72.0,0.056616490676252525
226,19,39.05407761894737,-77.17015224105262,67.05494505494505,65.0,0.06799684956681544
227,63,39.06174175158731,-77.16765824746032,75.88423153692615,72.0,0.19741732283464566
228,74,39.06372087905406,-77.16042925094594,129.13513513513513,119.0,5.6024873330262555
229,3,39.04883233333334,-77.15025821,71.2,66.0,0.22037218413320275
230,47,39.03844982553192,-77.20219836042556,66.43178170144462,66.0,0.053989354929075306
231,13,39.03442838846154,-77.22506554461538,57.40797940797941,55.0,0.012001724255280531
232,12,39.0584678225,-77.22073860416667,62.45274102079395,61.0,0.01906260121223338
233,6,39.05562311833334,-77.21150575,60.21321961620469,55.0,0.04802196986565724
234,37,39.05122886486487,-77.1980794237838,58.608876560332874,56.0,0.06040150564617315
235,66,39.06446576833333,-77.18207388439394,68.28571428571429,70.0,0.013102119460500963
236,17,39.0687860617647,-77.20069855117647,58.5716798592788,58.0,0.024743029482365977
237,141,39.08513525617021,-77.20901110950355,84.08121128699243,78.0,0.6150226052930756
238,107,39.08378992214953,-77.18479235570094,87.12513484358145,82.0,0.5471036702168416
239,39,39.07844763512821,-77.17430439384617,62.14226804123712,59.0,0.07248594406092093
240,35,39.067918492285706,-77.15803893542858,86.63,87.5,0.9337053571428572
241,210,39.09714833904762,-77.18851577495239,111.44050991501416,111.0,3.477916903813318
242,148,39.107678892027025,-77.1706234268919,111.41458733205374,107.0,2.526763472871985
243,46,39.095558159782605,-77.17345423304347,66.07317073170732,61.0,0.2737246297312123
244,51,39.102997102549025,-77.1599780735294,78.2687074829932,64.0,0.782554806723991
245,54,39.08774019777776,-77.16498382907405,134.9527027027027,130.0,7.047139403706688
246,34,39.091411111470585,-77.16670111735294,63.410526315789475,63.0,0.1182476331910154
247,2,39.08798181,-77.16266390999999,82.59183673469387,84.0,0.13711716774374824
248,15,39.08628463133333,-77.16975721466669,67.65853658536585,66.0,0.03778526000748223
249,8,39.08567173,-77.16552682125001,86.725,82.0,0.43584437086092714
250,35,39.081562526571425,-77.16496018114285,81.1814946619217,79.0,0.26726292983723127
251,51,39.09320863607843,-77.15517045568627,126.86315789473684,129.0,6.023310023310024
252,39,39.08969876948718,-77.15833536615385,88.36363636363636,85.5,0.6895532765513646
253,17,39.084546674705884,-77.15788005588236,82.78,74.5,0.3723474801061008
254,28,39.08709364678571,-77.15372759142858,111.67857142857143,101.5,1.659013605442177
255,109,39.08429811908258,-77.15305580073395,121.95833333333333,111.5,3.0261348005502064
256,40,39.08253669575,-77.15245314225,104.34,103.5,2.1352163461538463
257,39,39.07806276820512,-77.1597260846154,77.29268292682927,76.0,0.15131698455949136
258,67,39.07534311761195,-77.15568343701493,63.06334841628959,59.0,0.06576431903341745
259,33,39.066537776060606,-77.15392460424243,86.51269035532995,80.0,0.6877599524658348
260,81,39.07752440938271,-77.14751538827159,93.58823529411765,88.0,0.595653990806519
261,19,39.081591115263166,-77.15093175684211,128.8,128.0,2.961335676625659
262,83,39.0784274793976,-77.14356354036146,145.3877551020408,153.0,13.233766233766234
263,87,39.0769909716092,-77.14074533344828,107.75193798449612,91.0,1.2151394422310757
264,32,39.058509886875,-77.145984276875,65.53837471783295,64.0,0.1274051063003592
265,56,39.072260291607144,-77.13337457642858,102.06818181818181,94.5,1.429537462807682
266,158,39.06431429348101,-77.12673718392405,135.58415841584159,147.0,5.580490148966843
267,65,39.06137793784616,-77.1293797836923,101.23423423423424,104.0,2.1617895329206527
268,25,39.0567442156,-77.1287137396,84.62711864406779,86.5,0.6549552535631422
269,75,39.06140570946667,-77.12284554040001,162.0,152.0,inf
270,183,39.05586819502732,-77.12222242191258,137.69354838709677,133.0,8.662705149971703
271,160,39.0546114269375,-77.115958895125,155.4090909090909,158.0,inf
272,96,39.06059476979167,-77.12214085781251,171.28571428571428,176.0,inf
273,111,39.06738499315317,-77.12877206963964,153.33333333333334,156.0,68.7752808988764
274,74,39.077060215135134,-77.13939662216215,131.09756097560975,123.0,8.719710669077758
275,59,39.08383910474577,-77.14709671864406,156.03333333333333,149.5,inf
276,161,39.083349214658384,-77.15013416906834,169.64705882352942,175.0,inf
277,344,39.08512852026163,-77.15268427188954,176.4909090909091,174.0,inf
278,114,39.09041797096492,-77.15189541192984,146.5,147.0,94.47191011235955
279,15,39.103463588666656,-77.15600318133332,133.12121212121212,129.0,13.891525423728813
280,69,39.11209248913043,-77.16209256565215,158.15740740740742,155.0,28.966666666666665
281,322,39.10900946742236,-77.1490507326708,84.22651006711409,75.0,0.6797389994980759
282,116,39.09942029568967,-77.14895993715517,145.62983425414365,144.5,21.35708227311281
283,90,39.08908630622222,-77.14738202133334,113.94845360824742,103.0,2.110892203771461
284,23,39.085253619999996,-77.14392266,103.75471698113208,100.0,1.3600858369098712
285,18,39.08129803388889,-77.14001120388889,88.21428571428571,90.5,0.23106060606060605
286,77,39.08833844519481,-77.14011773727273,100.34693877551021,97.0,1.1063829787234043
287,139,39.09491816913668,-77.13540510956834,116.94589552238806,107.5,2.5320335831408127
288,24,39.08537891541666,-77.13362044791667,64.99375,66.5,0.0382388178913738
289,87,39.09341292632184,-77.12303671999996,69.21153846153847,62.5,0.3852963818321786
290,78,39.085113080000006,-77.11843517051281,51.14224137931034,38.0,0.35398836015063334
291,29,39.08124951862069,-77.13474050517242,90.19090909090909,86.5,0.3697362971144553
292,67,39.07983180656716,-77.12617994731343,68.89655172413794,68.0,0.02112436115843271
293,98,39.07703696622448,-77.11583393061224,84.43835616438356,81.0,0.32530638572350035
294,29,39.0771630075862,-77.11190016827585,74.39267015706807,73.0,0.6266742987979393
295,26,39.07789997038462,-77.13565460653845,97.2,93.0,0.8752411575562701
296,24,39.075316010833326,-77.13118571416668,90.8252427184466,90.0,0.4027590343379817
297,26,39.07462615,-77.12359078653847,81.76923076923077,82.0,0.22127757352941177
298,98,39.06992117897959,-77.12414800540816,91.46616541353383,88.0,0.4670767004341534
299,85,39.070724424,-77.1162481977647,81.17880794701986,80.0,0.22274314214463842
300,46,39.062873454999995,-77.11727294826088,124.26086956521739,116.0,2.7237785016286646
301,56,39.068470850892865,-77.11290294660714,112.44274809160305,108.0,2.3401360544217686
302,13,39.059938922307694,-77.11390728,169.04545454545453,168.0,inf
303,93,39.05638994139784,-77.10687530827956,114.35238095238095,111.5,3.5872015281757403
304,1,39.06729824,-77.10170381,54.119113573407205,48.0,0.08202259636685866
305,34,39.06299637705882,-77.09457195941177,88.81818181818181,93.0,0.9529347628566237
306,37,39.05133198054054,-77.10084581378376,71.31914893617021,67.0,0.2932098765432099
307,98,39.05642282489796,-77.08465474469389,83.80503144654088,79.0,0.42133333333333334
308,19,39.049056326842106,-77.09429295736841,83.98639455782313,86.0,0.26031033074724375
309,52,39.04117614961538,-77.09264288711537,78.35227272727273,81.0,0.290473516750889
310,50,39.047728372399995,-77.0857117844,78.57894736842105,81.0,0.20933529084189742
311,52,39.04223644326923,-77.0784293919231,60.02721088435374,59.0,0.06409406089840217
312,25,39.0353357248,-77.0772468952,73.42241379310344,69.0,0.27614623913694936
313,61,39.04344759262296,-77.07081162508197,75.11785714285715,74.0,0.24499822422161716
314,51,39.03491036960784,-77.07121466274509,85.03061224489795,84.0,0.15128488532743853
315,58,39.03033087327585,-77.07474754172412,103.48387096774194,87.0,1.7109859154929576
316,34,39.033578075,-77.06640397588237,88.55813953488372,85.0,0.6551724137931034
317,25,39.03575402800001,-77.065334888,83.0909090909091,67.5,0.7392959086584205
318,82,39.03914042853659,-77.06925804256097,85.8840579710145,85.5,0.3093239063190455
319,47,39.03926122723404,-77.05782840297871,89.84146341463415,87.0,0.8051948051948052
320,15,39.03431754866667,-77.05960905933333,92.8974358974359,84.0,0.7041392285983067
321,902,39.03738473495565,-77.05191089894679,188.8,191.0,66.21981424148606
322,39,39.031887301282055,-77.05873406076925,81.41666666666667,71.0,0.432376298106292
323,49,39.03199425367347,-77.04961900653062,120.02352941176471,106.0,2.38936877076412
324,590,39.03941179259322,-77.05187471123729,181.58333333333334,185.5,inf
325,168,39.04168696982143,-77.05467159083334,83.64925373134328,76.0,0.388283378746594
326,71,39.04632440549296,-77.05373231901409,81.28455284552845,80.0,0.11672065229532
327,25,39.050044832000005,-77.05537578280001,83.16949152542372,81.0,0.06720313179643324
328,95,39.04951990210527,-77.0647328728421,90.33920704845815,89.0,0.7250168236877523
329,59,39.053604804067795,-77.05183858661017,96.53465346534654,97.0,1.0547945205479452
330,46,39.05599794086957,-77.05741074304348,90.53939393939395,92.0,0.5412153100175384
331,127,39.05377774527559,-77.07053479543308,103.82380952380953,102.0,1.7542950985346135
332,71,39.05375725605634,-77.07638813084507,107.45263157894736,105.0,2.1074581430745813
333,85,39.06270095235295,-77.07549236317647,89.45714285714286,93.0,0.7417022065640645
334,94,39.060980572127654,-77.0688047455319,121.66850828729282,114.0,6.409825033647375
335,121,39.06068321719008,-77.05570064950415,106.4298245614035,101.0,1.5927983758948605
336,174,39.06854763022989,-77.0684726463793,88.89885057471264,90.0,0.5900250812055425
337,140,39.07733644857143,-77.07823465792858,113.53488372093024,104.0,2.2320423700761336
338,141,39.07295177843972,-77.08396796553191,95.52197802197803,96.0,1.0271688432835822
339,91,39.0671907010989,-77.09601535626375,92.32876712328768,93.0,0.3353806528307494
340,74,39.07700874,-77.10157685662162,63.12587412587413,60.0,0.12338995706552175
341,42,39.07712248880952,-77.09258793214285,85.49781659388647,83.0,0.38986299425001775
342,140,39.08352529885715,-77.07952044471429,97.0119760479042,92.0,0.951692567160583
343,61,39.089375554918036,-77.08568051622952,84.03819444444444,84.0,0.3160241422434887
344,50,39.092682365200005,-77.09807347419999,73.1880341880342,73.0,0.06047721268163805
345,101,39.09867657564356,-77.08353786158416,62.83575581395349,59.0,0.11919123928858052
346,252,39.099650231785716,-77.07145547579364,114.79277364505845,117.0,3.931519357195033
347,130,39.1067703623077,-77.05003690900001,65.58874045801527,63.0,0.09965124464068599
348,435,39.08305537767816,-77.06646215151724,83.47926267281106,79.0,0.49422601044817155
349,62,39.08803298887095,-77.04885105677415,82.635687732342,75.0,0.5591639194781511
350,108,39.07316435185186,-77.05677198722223,73.38227146814404,72.0,0.24265878600243926
351,154,39.06200577051948,-77.0525898038961,85.94312796208531,81.0,0.9631915123957995
352,79,39.036476909367096,-77.04938813746834,141.41666666666666,133.5,6.130252100840337
353,31,39.036860188709674,-77.04097873193547,97.5578947368421,97.0,1.0906835100383487
354,215,39.03971882181395,-77.05011143167442,149.22916666666666,161.5,7.756723716381418
355,184,39.04177018065217,-77.05014583576087,135.54545454545453,137.0,34.082352941176474
356,43,39.041113267209305,-77.04583401674418,90.18181818181819,85.0,0.5179801071155318
357,29,39.037991538965514,-77.03844121551724,66.66906474820144,71.0,0.060176181214963965
358,92,39.04370034510871,-77.04991251304348,111.82692307692308,112.5,3.1446899501069137
359,51,39.0447118082353,-77.0454515352941,79.90721649484536,81.0,0.2629949486719896
360,101,39.038788776237624,-77.02939204445542,80.7378277153558,77.0,0.686380348900884
361,70,39.040352544,-77.02076423485713,72.71336206896552,73.0,0.14977508178844057
362,10,39.054743331,-77.021190978,42.33548387096774,41.5,0.0
363,12,39.04843697249999,-77.0286689275,70.31192660550458,64.0,0.4168977629876132
364,22,39.047923250000004,-77.04646614272727,68.17647058823529,62.0,0.34232296492389147
365,5,39.054038647999995,-77.037677908,46.49842271293375,38.0,0.1452101623805454
366,161,39.05823166639752,-77.04832365385094,98.55194805194805,98.5,2.2638709677419353
367,15,39.06265457666667,-77.03505740733334,80.73300970873787,70.5,0.5596923942605271
368,194,39.065369117010306,-77.04255761644329,74.61074918566776,71.0,0.31210975539898034
369,44,39.086792406363635,-77.04135390181818,69.4223602484472,68.0,0.14358309743869582
370,43,39.0802061627907,-77.03325170348839,87.88511137162955,75.0,1.213279796876384
371,49,39.099382931632654,-77.03927122285715,74.4900947459087,72.0,0.2898861992333736
372,128,39.102046178828125,-77.01473914203125,65.24766063630692,63.0,0.13991760577195544
373,69,39.07607576521739,-77.0170746352174,57.13716814159292,56.0,0.04595969414204251
374,89,39.09323654191011,-76.9841599955056,65.56419529837251,64.0,0.12150081969748523
375,58,39.07253243017241,-76.9841777498276,74.64624505928853,76.0,0.30709070145689865
376,96,39.06810932885417,-76.9663740965625,64.78650137741047,61.0,0.16958846201666045
377,202,39.05947475980198,-76.95229905222773,90.66099773242631,92.0,0.8288962078587438
378,171,39.07453521169591,-76.94736651099416,106.6103896103896,95.0,1.6892710892710894
379,121,39.08108498793389,-76.95600064719008,67.83441981747066,63.0,0.3313800250774073
380,618,39.08258173770227,-76.93951435577671,90.18685831622176,88.0,0.9392026138019338
381,301,39.09945584611296,-76.92708755325582,80.8564935064935,77.0,0.777979267213068
382,43,39.11307981837209,-76.92364492976745,57.04753623188406,44.0,0.3491869807233541
383,92,39.11088609565217,-76.93720523076087,56.69307324840764,47.0,0.2429240960385411
384,195,39.096312918974355,-76.9438237345641,77.83568677792042,72.0,0.3981437712572779
385,63,39.107764817936506,-76.97289913238096,64.91146881287726,64.0,0.08811575627772063
386,56,39.11033912321428,-76.9914556975,74.87780898876404,71.5,0.2594316222153977
387,51,39.098193011568625,-76.99464935627451,66.02602739726028,62.0,0.19933811087886932
388,60,39.116920827666675,-77.00307955266665,64.67677725118483,64.0,0.09883809876563092
389,16,39.141072406250004,-76.98765968687499,51.94363459669582,49.0,0.0038689805424085345
390,83,39.145213626867466,-77.0174183439759,70.5130293159609,66.0,0.29007747318235994
391,24,39.130965303749996,-77.03995820833333,65.79881656804734,61.0,0.25546362155449104
392,27,39.1356304137037,-77.06055859555555,78.57142857142857,76.0,0.5271199275416116
393,65,39.11559249353846,-77.08099406323078,67.3440414507772,65.0,0.09175976480470391
394,81,39.10591092654321,-77.09689169888891,56.041697691734925,55.0,0.0591016548463357
395,8,39.1144517575,-77.118020035,47.126708074534164,44.0,0.00837276061878688
396,10,39.121869456,-77.122659638,57.217885024840314,52.0,0.06931586067856858
397,25,39.1338245296,-77.116546346,74.74114441416894,65.0,0.5578809865254369
398,39,39.12784254666668,-77.08970974923078,58.248366013071895,59.0,0.03541221303095083
399,238,39.14785014247899,-77.0727863167647,75.64246575342466,72.0,0.20012605681250137
400,48,39.17031302979167,-77.07514342,69.9594017094017,72.0,0.08462392128931807
401,233,39.15453647690987,-77.05979141120172,85.01157407407408,80.5,0.5248079717666597
402,4,39.17216729,-77.02534889,68.37915407854985,66.0,0.12882471758809008
403,10,39.158386953000004,-77.005835643,56.312592592592594,51.0,0.044731815245921916
404,13,39.21330349461538,-77.04511378846155,64.13149454778704,57.0,0.22334587501147105
405,6,39.20339997666667,-77.03825219,68.21747700394218,67.0,0.11831929514659313
406,3,39.19533343333333,-77.05309562666667,61.36511156186612,56.5,0.10523335464425974
407,4,39.2032985725,-77.086670465,80.58811040339702,83.0,0.46839376902047763
408,8,39.222699340000005,-77.06096832125,65.72736732570239,58.0,0.2572452229299363
409,10,39.245362347000004,-77.11677196,68.16873449131513,69.0,0.28389330487714637
410,8,39.22367408625,-77.12279019249999,71.24442609413708,72.0,0.2179995764805534
411,9,39.19211109555555,-77.11345686888889,74.62606232294617,77.0,0.2656587818901043
412,78,39.15949383935898,-77.0959913976923,68.05608755129958,69.0,0.18952716839022057
413,32,39.1285576828125,-77.14207586656251,53.448377581120944,50.0,0.07146447473463233
414,79,39.12765247063291,-77.15856107075949,96.88467614533965,76.0,1.2640283520378026
415,6,39.14510942166667,-77.15478755166667,74.09649122807018,69.5,0.1751530328324986
416,25,39.1945892668,-77.1359505916,70.46643417611159,69.0,0.188375751694529
417,61,39.16571434016392,-77.14952867770494,73.13739868776534,71.0,0.29743182456164374
418,16,39.137412958750005,-77.17546761062499,56.983539094650205,50.0,0.1459902342133576
419,642,39.1473018764486,-77.18527563518691,95.82951945080092,92.5,1.1865862573099415
420,295,39.158239789050846,-77.16987779172881,86.7,81.0,0.4989931452515103
421,250,39.17156977928,-77.16140566383999,107.75602836879433,90.0,1.8489246404530197
422,166,39.187471155843376,-77.20302590138554,60.383447228549734,60.0,0.028823887084880397
423,62,39.167214741935474,-77.19724517822581,70.48866498740554,66.0,0.21595550534457286
424,159,39.171643954213835,-77.21335314522014,71.5665529010239,64.0,0.4372665272970287
425,97,39.16029859618557,-77.22411275639175,124.3452380952381,121.0,5.22931265841658
426,496,39.15860535108871,-77.20897798471775,109.61245674740485,100.0,2.1933467741935484
427,177,39.143579025932205,-77.19640458152543,99.23846153846154,95.5,1.3593635698610096
428,232,39.145276796336205,-77.20616179405172,139.05084745762713,138.0,12.22514777001612
429,103,39.13713042029126,-77.20714686572816,98.06666666666666,100.0,1.581834137779728
430,68,39.13975238735294,-77.19950587735293,117.97916666666667,104.5,2.630128205128205
431,186,39.14062797129032,-77.19532710784947,155.40540540540542,157.0,inf
432,123,39.13752225585365,-77.19065137455286,92.3262839879154,84.0,0.7899607567504247
433,119,39.133136872100835,-77.1932233315126,113.368,101.0,2.1018934004596694
434,148,39.131057083648656,-77.20231251993243,91.16585365853659,89.0,0.7463091011025976
435,217,39.11693770608294,-77.18747204447004,101.16981132075472,94.0,1.6374815543531727
436,45,39.131829861333344,-77.18589394311111,67.28125,69.0,0.028298507462686567
437,121,39.125443841239665,-77.17854314512395,120.20942408376963,111.0,2.8620689655172415
438,59,39.11730677050847,-77.16699412237287,140.64529914529913,145.5,10.687144886363637
439,294,39.11552341136054,-77.17673315482993,129.13168724279836,124.0,10.002454417952315
440,19,39.10730654157895,-77.18293209631578,116.23809523809524,120.5,6.522342064714946
441,227,39.112679632466964,-77.20679658775332,126.39364303178485,112.0,3.1044065105200476
442,100,39.117304670200014,-77.21264792350001,83.177304964539,85.0,0.563941858914522
443,27,39.13252374777777,-77.21449446407406,106.87422934648582,104.0,2.151818181818182
444,31,39.13264321129033,-77.20591755612904,107.42592592592592,103.0,2.022928608650339
445,137,39.145115140656934,-77.21773519941605,135.0241935483871,132.0,6.701471941122355
446,29,39.15202859655172,-77.22628780344827,48.80442804428044,45.0,0.028860365616491638
447,559,39.168281906654734,-77.2569353142755,85.82885304659499,82.0,0.6263137341460516
448,440,39.15242176222728,-77.27563272570455,83.62117503059976,81.0,0.7239521562492114
449,85,39.131674847764714,-77.234506598,78.90095238095238,78.0,0.22101694915254239
450,342,39.1213843645614,-77.23763533064327,106.0095652173913,102.0,1.9941791924550545
451,38,39.0975844668421,-77.23626897263158,63.18518518518518,63.0,0.04559114274416765
452,123,39.091167233739846,-77.22441874926831,82.84633027522936,81.0,0.2554655729727851
453,51,39.076613611764714,-77.23491584705882,84.22711336190105,76.0,0.5643884579763834
454,6,39.06153051333333,-77.26158399,78.2525320729237,75.0,0.26684229512139135
455,7,39.05419028428571,-77.28057175285714,53.423668032786885,50.0,0.009213111263802731
456,18,39.071451296111114,-77.27129301277779,63.123873873873876,64.0,0.010956507624466828
457,83,39.10691050566265,-77.25685630361446,73.18321513002364,74.0,0.10222356732121557
458,15,39.111100858,-77.27812097866668,58.394067796610166,55.0,0.05453770305428628
459,12,39.09542483166666,-77.31338995083333,63.885413005272405,63.0,0.07580483820369702
460,1,39.02576051,-77.21942694,55.593431252549976,50.0,0.11575167760504734
461,3,39.11067244,-77.36872249,90.31448412698413,96.0,0.9536046524104336
462,27,39.14065755851852,-77.40191527370371,86.71264367816092,86.0,0.17343288225229428
463,2,39.16159084,-77.36237566,81.6370786516854,86.0,0.45678195488721807
464,60,39.158128005,-77.29919272016669,66.30783866057838,58.0,0.3380300075249167
465,415,39.188862075180715,-77.27692140154217,69.70755968169762,68.0,0.25187866950898546
466,134,39.22764364298507,-77.28916873246268,108.05913978494624,104.0,2.30249753532698
467,21,39.17404722761905,-77.2442932295238,93.17647058823529,91.0,0.7821113819613725
468,292,39.183638954589036,-77.24274777393836,107.62585034013605,109.0,3.068140910259707
469,146,39.17365603157534,-77.24064761842466,80.61904761904762,77.0,0.5482768579129765
470,187,39.17742283085562,-77.2334003484492,73.63459459459459,72.0,0.34031248770120825
471,323,39.18773640637771,-77.23649578842105,90.15851272015655,91.0,0.6578265563152214
472,110,39.20207094763635,-77.23803534254546,65.93016116653875,61.0,0.21174977078778476
473,33,39.2038739,-77.24572937181819,82.01351351351352,81.0,0.7261092150170648
474,152,39.20360936947369,-77.25782078078946,83.5006435006435,82.0,0.5697660351794053
475,6,39.19483133666667,-77.262108515,95.68,97.0,1.0527783737395409
476,196,39.23327153500001,-77.25746910551021,93.7107765451664,95.0,1.5097727128032088
477,10,39.235069265999996,-77.21166150399999,71.90505836575875,73.0,0.23994202742961432
478,8,39.21885417125,-77.16096804125,71.79924874791318,73.5,0.24512173938218348
479,14,39.276702625,-77.19597550428571,76.93056994818653,79.0,0.33344110356719475
480,7,39.26327558571428,-77.14451485,65.59411404046597,64.0,0.177382079105496
481,70,39.26795393428571,-77.21264939342859,73.5030303030303,74.0,0.243228005432972
482,6,39.283354055,-77.23416205166667,85.57696447793326,88.0,0.4926121322494039
483,-1,-1.0,1.0,64.42612752721618,53.0,0.33569064098705986
484,31,39.291344016129024,-77.2073707232258,65.08754542451273,61.0,0.19714415919793407
485,13,39.31862825,-77.19168925,68.9359690588741,64.0,0.30201941495405993
486,14,39.24826315857143,-77.29563559642857,70.1291963377416,62.0,0.3277542372881356
487,4,39.25537588,-77.30391967,75.82075471698113,70.0,0.3696319018404908
488,3,39.232297689999996,-77.35449919333333,80.71468662301216,83.0,0.5498078097496139
489,3,39.244892066666665,-77.36761069333333,78.681389203473,81.0,0.3912570421595066
490,1,39.17858279,-77.35712892,65.84840923268871,64.0,0.16568380598992843
491,1,39.22601494,-77.40180124,79.96120996441282,82.0,0.39893285849479504
492,12,39.14926285333333,-77.40750443583335,81.39371534195934,80.0,0.6384134543830927
493,4,39.19300899,-77.430614635,75.49276111685626,79.0,0.1749893367884821
494,12,39.15699325166667,-77.41935992833334,79.37673920799143,84.0,0.3448805285395649
495,2,39.16213192,-77.46929278,72.75504957767168,77.0,0.24141215394834134
496,-1,-1.0,1.0,69.63701399688958,57.0,0.49005996632301946
497,3,39.139764703333334,-77.42981157666667,88.45054945054945,88.0,0.35112047821991776
498,6,39.13107875999999,-77.42862997000002,85.97668771248179,90.0,0.7008320362790876
499,46,39.138752800652185,-77.41183300652173,93.70531400966183,91.0,0.8541908964901939
500,5,39.10162803600001,-77.45525281399998,64.41432748538011,56.0,0.27113367857709564
501,33,38.99390227272727,-77.05677936242425,75.09302325581395,71.0,0.2235695339143615
502,36,38.99111192972222,-77.05400565444445,72.27843137254902,66.0,0.41809648380395475
503,176,39.16908940397727,-77.18617981613636,74.90355329949239,75.0,0.11936279157974587
504,184,39.18412956358695,-77.19208999891305,86.2864077669903,87.0,0.3941723204831562
505,554,39.15650432893502,-77.19876472019857,105.92775665399239,95.0,1.3342270632593214
506,49,39.23641346857143,-77.24055047857144,89.81288723667906,89.0,0.5801648207900933
507,8,39.06536526,-77.2965628275,60.83111449220236,56.0,0.0839506842258657
508,75,39.19352221293334,-77.19145593786668,60.96900826446281,60.0,0.028797545584492556
509,32,39.245330288125004,-77.280686261875,49.31569425599276,42.0,0.11279277440424555
510,1,39.240676,-77.30758424,72.47540983606558,74.0,0.12631203505553856
511,3,39.03590700333333,-77.24750747666667,57.75761421319797,52.0,0.12438855674687485
512,45,38.98782622044444,-77.02122620222222,120.11904761904762,114.5,2.6061472480343104
513,18,39.027173559444435,-77.07105221055556,97.72857142857143,88.0,1.3712305025996534
514,18,38.994189498333334,-77.01708056111111,79.15217391304348,78.0,0.18368010403120935
515,39,38.99097496923077,-77.0174077569231,72.82692307692308,73.5,0.13723723723723724
516,126,38.96257525182539,-77.0883743161111,135.49056603773585,140.0,6.217085427135679
517,76,38.997009404210516,-77.0388038186842,130.1090909090909,134.0,13.939457202505219
518,357,39.039009222997194,-76.99219628182072,129.7826086956522,119.0,4.836918263590145
519,107,39.059686432710286,-76.99372627971961,74.57692307692308,73.0,0.2896145788301021
520,153,39.02699851849673,-77.1505163406536,71.20365535248042,58.0,0.678163748807729
521,73,39.0752067639726,-77.11626595643835,111.26666666666667,112.0,3.131188118811881
522,68,39.07510091764706,-77.11684653588236,151.58333333333334,152.0,inf
523,108,39.050608249166665,-77.1018831575,118.61471861471861,112.0,2.7627025542433397
524,39,39.052611507692305,-77.08044190846154,105.96969696969697,101.0,1.6352675207234364
525,194,39.05838958969073,-77.08155357484534,83.01760563380282,85.0,0.48273693478397584
526,95,39.080482399789474,-77.07636462389472,158.76470588235293,150.0,inf
527,60,39.07309780333333,-77.089366974,97.87378640776699,98.0,1.0109714741671654
528,36,39.08478199388888,-77.09008900833334,85.91803278688525,83.0,0.2545780969479354
529,68,39.092835019852934,-77.10916716411765,85.05414012738854,74.5,0.7341081747938446
530,109,39.09076918697247,-77.04780504165137,89.35454545454546,79.0,0.7517376581714489
531,88,39.10228197215909,-77.05143905249999,81.42443064182194,80.0,0.2528830837846448
532,48,39.0948387625,-77.06119491458334,89.89406779661017,84.0,1.055119635764797
533,20,39.08344561700001,-77.07733175599999,108.0495867768595,110.0,2.973860182370821
534,394,39.089511181015226,-77.07672538451776,105.70707070707071,103.5,2.035092807424594
535,34,39.047487268235294,-77.0221053532353,58.56427015250544,55.0,0.05843209827932433
536,157,39.05847185579617,-77.0495553285987,149.21052631578948,151.0,29.483870967741936
537,2,39.13827482,-77.08786609,66.39799331103679,68.0,0.05343308924970816
538,2,39.150820035,-77.09501222,58.710997442455245,56.0,0.009143660981185159
539,62,39.141536850806446,-77.08693007290321,74.63608087091757,72.0,0.17896624576229547
540,93,39.1629670855914,-77.06741454010752,68.8997555012225,68.0,0.07919730392156862
541,31,39.17735590258065,-77.09767119483871,82.41768707482993,84.0,0.49233839180134015
542,140,39.15006963678572,-77.16180572942856,74.20212765957447,72.0,0.19676744106242064
543,36,39.193398217500004,-77.17441506416667,58.54034810126582,56.0,0.0549464649776878
544,129,39.17334815387596,-77.19921424193798,86.10232558139535,82.0,0.437936927139972
545,195,39.162143347948714,-77.22015594358975,99.2085308056872,95.0,0.9729500471253535
546,280,39.17110450003572,-77.20629105039286,106.63953488372093,95.0,1.2330168005843682
547,113,39.182065896017704,-77.21308382769911,65.86170212765957,59.0,0.24659373112289415
548,598,39.14955832498328,-77.2035969275418,129.96428571428572,128.0,5.380479251899474
549,312,39.11552498192307,-77.2003961872436,119.27810650887574,114.0,3.931017612524462
550,160,39.126539244374996,-77.20859591875,92.87254901960785,101.5,2.106920301738275
551,165,39.13719535787879,-77.16543317581818,88.38814016172506,82.0,0.6323767329566667
552,67,39.11167327641791,-77.21936875597014,83.0091743119266,83.0,0.4674018812844632
553,13,39.106740819230765,-77.2290514453846,66.97752808988764,70.0,0.018017248740500383
554,228,39.14116798758772,-77.2245823955263,112.94314381270902,112.0,3.1394949742583966
555,57,39.14475276122807,-77.22941758210527,90.35379061371842,88.0,0.9182953935770676
556,63,39.10903123396826,-77.24786769746032,81.46880269814503,79.0,0.3383660692024268
557,13,39.08814454461538,-77.24076841692307,70.83171521035598,67.0,0.3085615209852924
558,10,39.041343294,-77.240273572,60.84916666666667,57.0,0.03378024436170062
559,10,39.071982881,-77.298103564,58.243081931633206,54.0,0.021643126356264513
560,9,39.08932437777778,-77.28968078555555,62.482661004954,61.0,0.0488874104522828
561,1,39.09312636,-77.34586759,71.72503920543649,72.0,0.3021856523265856
562,2,39.095064555,-77.36595381000001,86.04296875,90.0,0.48810971490339145
563,2,39.090727075000004,-77.37430371,70.65666118421052,74.0,0.27846349574805257
564,4,39.1151213025,-77.395008935,74.37034304684619,78.0,0.5087328075190446
565,-1,-1.0,1.0,70.0451174289246,73.0,0.21082264957264957
566,1,39.1130574,-77.46203111,73.25196486361534,74.0,0.6093200885692811
567,-1,-1.0,1.0,72.65712564025308,73.0,0.4068631168725096
568,-1,-1.0,1.0,77.77688738928723,80.0,0.2454345300807737
569,2,39.17902253,-77.46619324,57.24561403508772,49.0,0.13537117903930132
570,-1,-1.0,1.0,67.15268225584595,55.0,0.3725666602939688
571,-1,-1.0,1.0,57.106308411214954,46.0,0.15569478101542644
572,7,39.20380972571428,-77.41401592,63.924050632911396,60.0,0.11350452864751179
573,3,39.17802321,-77.38351607666665,81.93144950287808,86.0,0.45047014683403586
574,2,39.19569041,-77.375387545,96.72429906542057,97.0,1.1406853281853282
575,4,39.207007794999996,-77.373089255,79.97407912687585,84.0,0.28088537342131714
576,6,39.209848326666666,-77.35465345666667,74.26478494623656,78.0,0.15893502625378425
577,7,39.25140004428572,-77.36406776285715,79.0863309352518,82.0,0.30695505052814487
578,5,39.138823374000005,-77.304808154,67.63920922570017,68.0,0.1700484468509547
579,2,39.215000375,-77.355326865,75.42204724409449,78.0,0.2294600110385193
580,8,39.197142490000004,-77.31972494749999,59.74870831376233,51.0,0.15780898723001446
581,5,39.262479709999994,-77.34296896,69.2923667786846,67.0,0.2604333132482775
582,2,39.24280653,-77.32240065,61.79077770130764,58.0,0.07329260857610788
583,8,39.20170916,-77.29719926375,58.29631635969664,51.0,0.12174910095377078
584,2,39.17204846,-77.35941502,76.83441258094356,81.0,0.19305352064121348
585,1,39.18823127,-77.31928131,59.79775280898876,48.0,0.1916233124794205
586,21,39.16574619428571,-77.29598873619048,64.5045170257123,53.0,0.2808687972622399
587,5,39.134130938,-77.34344071199999,75.88291139240506,81.0,0.12655477384573824
588,3,39.14557655666667,-77.30369430333333,65.04585679806918,66.0,0.05722056592918039
589,8,39.1391202975,-77.28481112,71.2165109034268,70.0,0.20626335646254915
590,38,39.13893792421052,-77.24966931184208,50.30332326283988,46.0,0.012133148539888637
591,54,39.124390726296305,-77.25052732888888,67.1715374841169,67.0,0.1591457264395036
592,27,39.10136009814815,-77.27149451000001,64.77165354330708,64.0,0.04024532894944833
593,207,39.147003553719806,-77.23030971487923,99.3588785046729,101.0,2.078353022932592
594,337,39.162297231097924,-77.26934699323441,75.42730299667036,78.0,0.38448061604905576
595,305,39.17746788937705,-77.26124631363935,113.37249283667622,114.0,2.7092903346770414
596,268,39.170443420000005,-77.2849601747015,83.35616438356165,83.0,0.4857770723965328
597,20,39.2286232335,-77.289315593,57.23777564717162,49.0,0.1007670465021942
598,119,39.22516020117648,-77.2684710112605,96.44974874371859,92.0,1.3904226170707406
599,59,39.244226371186436,-77.27291233491523,114.6280487804878,117.5,5.337097589752234
600,118,39.2247870842373,-77.24547407822034,111.91403162055336,113.0,2.5948897000476117
601,11,39.24698858,-77.25977960363637,74.09325153374233,77.0,0.13101459047404992
602,-1,-1.0,1.0,54.33957845433255,47.0,0.04805998464248611
603,4,39.281804262499996,-77.308406645,60.97826086956522,53.0,0.17306754025231755
604,6,39.29517227833333,-77.27602392,71.78318787322003,73.0,0.21400826574686926
605,8,39.28960530249999,-77.24646228625,74.38597972972973,76.0,0.2692188524531102
606,30,39.26253810800001,-77.22576395366667,59.9568345323741,59.0,0.009600533026439323
607,22,39.27785947272727,-77.21474635772728,71.17142857142858,72.0,0.2147800806527244
608,-1,-1.0,1.0,76.04255319148936,80.0,0.2649368460636627
609,-1,-1.0,1.0,82.38362068965517,84.0,0.5272683686923169
610,9,39.32145285000001,-77.22111710777777,81.71910828025477,84.0,0.2870312782135907
611,18,39.32436857944444,-77.1994791072222,80.69273301737756,82.0,0.2361240516438174
612,51,39.2891386417647,-77.20079500431373,71.103711790393,68.0,0.23879716981132076
613,8,39.2844782575,-77.176230095,82.8103448275862,85.0,0.32712145400957876
614,11,39.28859180999999,-77.15862402818182,61.63873275421564,55.0,0.1155119479174373
615,98,39.28236079969388,-77.20571739489796,106.64156626506023,100.5,1.9306348812184422
616,14,39.260503623571424,-77.19755729357142,70.18218623481782,71.5,0.05076526746476739
617,26,39.267444183076925,-77.167579855,71.68212669683258,72.0,0.20474162515685007
618,1,39.25225697,-77.1438199,69.68398268398268,69.5,0.2155330275056163
619,50,39.2528152278,-77.21538170720001,66.86271676300578,70.0,0.09591539454517463
620,34,39.247278132352946,-77.195991495,65.60552092609083,68.0,0.04695115885805232
621,13,39.22300171307692,-77.19149264846153,62.39057239057239,60.0,0.06615778521494807
622,8,39.215505405,-77.18460207875,69.28975741239893,69.0,0.0020269348457385645
623,8,39.205511845000004,-77.20084159625,61.271714922049,60.0,0.019643452800118602
624,5,39.209908198,-77.213071452,60.60979228486647,54.0,0.18904994760740482
625,24,39.21959603458333,-77.23676164541666,93.85951327433628,96.0,1.2533262514938255
626,2,39.241981625,-77.23486659,93.91144708423326,92.0,0.7455238859895624
627,16,39.250572274999996,-77.179383526875,65.40236275191106,66.0,0.054746775151576284
628,4,39.2380488125,-77.1655188175,80.15261324041812,80.0,0.3566601007301164
629,1,39.25225697,-77.1438199,80.22222222222223,81.0,0.1695464362850972
630,8,39.24039365125,-77.12163457375,81.53584301161393,85.0,0.6134515714897056
631,14,39.20691694642857,-77.14665774928571,76.35123523093448,73.0,0.5337461701117681
632,22,39.207778103636365,-77.11874132318181,71.75392200806813,74.0,0.13268143577842087
633,6,39.21354654666666,-77.07940639666666,61.09318181818182,53.0,0.0943027539742311
634,6,39.179704916666665,-77.10163382666667,84.75751072961373,85.0,0.6139669826740765
635,1,39.1903137,-77.065675,80.57142857142857,82.0,0.6461479214382715
636,5,39.184768989999995,-77.05983591200001,71.98398169336384,66.0,0.3419649332366367
637,3,39.19053845,-77.04476933666666,70.93913043478261,72.0,0.039500509683995925
638,1,39.18164469,-77.05358564,64.26575809199319,59.0,0.11329496827504795
639,8,39.191205028750005,-77.0285131675,61.12825278810409,50.0,0.30535048027308087
640,15,39.17922452533334,-77.01142467,57.696645253390436,53.0,0.05039308686894939
641,32,39.15152215781251,-77.02259190781251,71.58983451536643,71.0,0.14847824025789325
642,135,39.1473442365926,-77.06262143266666,102.36421052631579,90.0,1.023513254817096
643,5,39.145912656,-77.03452609200001,73.37547892720306,69.0,0.22778561354019747
644,31,39.11560974580645,-77.06970489419353,77.0111234705228,70.0,0.534997671995211
645,19,39.14875337421053,-76.99796456052631,55.948602344454464,52.0,0.06598976050578978
646,25,39.0915110172,-76.97269795279999,61.84873949579832,61.0,0.06070978202125743
647,66,39.080791645606055,-76.9910352940909,59.881418092909534,51.5,0.27862904278368006
648,1,38.990932,-77.155678,78.14473684210526,73.5,0.2794054286945282
649,3,39.016114933333334,-77.11437842666668,63.202127659574465,61.0,0.10222634508348794
650,4,39.015689114999994,-77.09784186,86.77083333333333,85.5,0.4109078590785908
651,5,39.004807031999995,-77.07759478,77.36842105263158,79.0,0.08647450110864745
652,4,39.01410386,-77.06024893,76.33333333333333,69.0,0.08237677245104659
653,4,39.014248817500004,-77.0309091775,88.57692307692308,78.0,0.8105345911949685
654,9,39.0153805,-77.0051504088889,79.3030303030303,77.0,0.3573651452282158
655,7,39.01954657142857,-76.98190651142856,73.34693877551021,76.0,0.28082679971489666
656,3,39.02543824,-77.11233956666666,75.24615384615385,72.0,0.2335435056746532
657,1,39.04286011,-77.14838608,102.02272727272727,92.5,1.560752994865944
658,11,39.06465262000001,-77.15967696,89.44444444444444,90.5,0.9252615844544095
659,2,39.09399388,-77.17655017999999,115.01960784313725,117.0,6.510883482714469
660,20,39.131783538,-77.19789518500001,111.75,115.0,4.767741935483871
661,16,39.175251265,-77.247347379375,92.44262295081967,91.0,0.5988091862772895
662,4,39.1985255275,-77.2643005675,100.66666666666667,98.0,1.132292827945002
663,4,39.245929697499996,-77.29803656499999,77.28888888888889,75.0,0.2821332022609978
664,4,39.023115017500004,-77.14250212,90.94594594594595,79.5,0.8925759280089989
665,81,39.14162607123456,-77.14486299925926,72.51728247914184,71.0,0.25688433491024026
666,8,38.99393989375,-77.03746609375,81.78947368421052,82.0,0.4101633393829401
667,32,38.9931780925,-77.0340764871875,97.05263157894737,93.0,0.9472016895459345
668,115,38.989501243913054,-77.02840586104348,155.4,149.0,inf
669,25,38.98931303519999,-77.03120458,113.58823529411765,101.0,1.6524725274725274
670,287,38.99406762456446,-77.02467409675958,183.06666666666666,188.0,inf
671,318,38.99733733053459,-77.02408776103773,191.375,193.0,inf
672,33,39.01378617757575,-77.00114827121212,76.22950819672131,78.0,0.3431542461005199
673,20,39.026394045,-77.062351904,60.77570093457944,61.0,0.0
674,120,39.05313911625,-77.04893210208333,99.50909090909092,89.5,1.2578382838283828
675,53,39.07651392075472,-77.00322672018868,64.62285714285714,60.0,0.15409735687315032
676,7,39.073633668571425,-77.00259471142856,111.75,109.0,2.568862275449102
677,13,39.073577622307695,-77.00246151692308,146.2941176470588,157.0,22.462264150943398
678,28,39.075748722499995,-77.00140047892857,131.75,141.5,16.421487603305785
679,41,39.08644992902439,-77.00544973317072,64.45738045738045,63.0,0.057074667575860896
680,42,39.12696083976191,-76.98009635523809,60.464596273291924,57.0,0.09279908997021448
681,28,39.14971678285713,-77.04605465,69.41005291005291,67.0,0.1813679139087757
682,28,39.16964887678572,-77.05179985821428,65.79845626072041,64.0,0.07071482401540738
683,3,38.96379373,-77.08513029,59.98913043478261,60.5,0.0
684,12,38.987591564166664,-77.10528648666666,82.21739130434783,77.0,0.22871994801819362
685,12,38.9876857825,-77.09943369749999,119.3157894736842,123.0,3.3764478764478763
686,1,38.96913561,-77.14007296,48.05977011494253,44.0,0.0357195937577409
687,-1,-1.0,1.0,64.49819494584838,64.0,0.07271089762833984
688,48,39.153657473125,-77.29069802395833,95.56424581005587,95.0,1.0646121660766013
689,1,39.1625325,-77.38694958,67.52789115646259,63.0,0.27565025187622083
690,9,39.162316781111116,-77.41223584333332,75.32073544433095,78.0,0.30136067627905333
691,1,39.12896666,-77.3840302,83.33449758194519,88.0,0.5454382389724017
692,51,39.101046860000004,-77.16082972176471,86.3157894736842,77.0,0.5208655332302936
693,5,39.09457159,-77.16112980999999,67.16129032258064,58.0,0.2587666263603386
694,57,39.03705025421053,-77.10370591982456,86.85897435897436,84.0,0.32808416100365917
695,11,39.034692071818185,-77.0928322590909,54.597345132743364,51.0,0.08589280999735985
696,9,39.03063189222222,-77.07889207666666,52.15625,53.0,0.0
697,30,39.01786432366668,-77.07270780733334,57.8110599078341,57.0,0.04506831056314562
698,8,39.147636883749996,-77.15071252125,80.3970588235294,72.0,0.2628782628782629
699,24,39.14815776166667,-77.14535982958333,85.95505617977528,80.0,0.7533807013522805
700,20,39.145488661,-77.13810768,60.14782608695652,60.0,0.03955634374342481
701,559,39.19834858436495,-77.24670863372094,114.88706739526411,104.0,2.152389044382247
702,976,39.181689535891394,-77.2668890567828,124.56853932584269,118.0,4.483800761735173
703,18,39.101170307222226,-76.96247607444445,62.90468497576737,62.0,0.03065113816834304
704,-1,-1.0,1.0,62.73684210526316,66.0,0.0
705,2,39.21893869,-77.37777918,80.6774193548387,82.0,0.0911867364746946
706,1,39.22145187,-77.38289425,62.704301075268816,60.0,0.041199839307235635
707,6,39.221247561666665,-77.37726663666668,64.51388888888889,63.0,0.024029982363315695
708,10,39.213365539,-77.265258116,82.50673854447439,82.0,0.46396288679515996
709,4,39.0820156425,-77.3262769975,61.81282798833819,53.0,0.20007924378785305
710,5,39.124279176,-77.322482798,57.66756032171582,54.0,0.0888382687927107
711,7,39.11661104428572,-77.30909081285714,51.30064516129032,45.0,0.0
712,4,39.122875365,-77.2686052825,57.2192118226601,54.0,0.019037592665701628
713,-1,-1.0,1.0,79.06567164179104,77.0,0.3294684535461527
714,163,39.188430748036815,-77.17438541233129,68.7431693989071,67.0,0.10620149926355822
715,21,39.175039511904764,-77.19105552476191,80.32584269662921,81.0,0.1500965250965251
716,28,39.170245858214294,-77.1214548367857,66.4924506387921,65.0,0.19617224880382775
717,4,39.228113074999996,-77.33550636,71.49334105385061,73.0,0.29400729437410916
718,5,39.181009398,-77.30495741600001,60.18213058419244,52.0,0.21440954164066292
719,49,39.183894453469385,-77.17752728734693,80.64980544747081,84.0,0.2634562633343493
720,12,39.17224376749999,-77.17822413333333,122.16431924882629,113.0,3.2769559500328733
721,262,39.10112570217557,-77.19738012538167,129.24024024024024,124.0,6.158516300731869
723,6,39.17629385666667,-77.40395119666665,75.48684210526316,78.0,0.2136057638465463
724,24,39.160539310833336,-77.11787899166666,64.81053698074975,64.0,0.08837240956885697
725,242,39.11190776157025,-77.23521081541324,96.23076923076923,91.0,1.4371712448860317
726,-1,-1.0,1.0,71.94904458598727,72.0,0.16525685991334846
727,-1,-1.0,1.0,66.45891472868217,66.0,0.035810941426638314
728,-1,-1.0,1.0,62.86363636363637,53.0,0.0932806324110672
729,-1,-1.0,1.0,62.3,61.5,0.0
730,-1,-1.0,1.0,144.42857142857142,147.0,8.28297161936561
731,-1,-1.0,1.0,109.70588235294117,110.0,3.010752688172043
732,-1,-1.0,1.0,91.0,84.0,0.9956140350877193
733,-1,-1.0,1.0,94.6,95.0,0.8157389635316699
734,-1,-1.0,1.0,102.85714285714286,96.0,1.4201680672268908
735,-1,-1.0,1.0,193.67816091954023,197.0,inf
736,-1,-1.0,1.0,45.72826086956522,39.0,0.05597389558232932
737,-1,-1.0,1.0,49.61224489795919,43.0,0.09627959413754228
738,-1,-1.0,1.0,39.51754385964912,40.0,0.0
739,-1,-1.0,1.0,43.403225806451616,39.0,0.13019739605207895
740,-1,-1.0,1.0,168.15686274509804,168.0,35.03361344537815
741,-1,-1.0,1.0,214.0,214.0,inf
742,-1,-1.0,1.0,136.25,132.5,inf
743,-1,-1.0,1.0,101.55405405405405,98.0,1.4032619123760792
744,-1,-1.0,1.0,183.78378378378378,189.0,75.40449438202248
745,-1,-1.0,1.0,190.5,186.0,inf
746,-1,-1.0,1.0,110.28571428571429,113.0,4.078947368421052
747,-1,-1.0,1.0,182.0,188.0,inf
748,-1,-1.0,1.0,172.0,191.0,inf
749,-1,-1.0,1.0,126.1025641025641,121.0,9.737991266375547
750,-1,-1.0,1.0,94.0,93.5,1.2117647058823529
751,-1,-1.0,1.0,96.49009900990099,95.0,0.8115154049909382
752,-1,-1.0,1.0,123.3157894736842,114.0,3.1231852177738673
753,-1,-1.0,1.0,75.86516853932584,75.0,0.14498897744615907
754,-1,-1.0,1.0,151.74269005847952,164.0,15.03708281829419
755,-1,-1.0,1.0,101.75,101.5,2.138817480719794
756,-1,-1.0,1.0,160.71428571428572,164.0,14.306122448979592
757,-1,-1.0,1.0,203.625,203.0,inf
758,-1,-1.0,1.0,102.6103896103896,97.0,1.6620619946091644
759,-1,-1.0,1.0,102.875,103.0,2.6096491228070176
760,-1,-1.0,1.0,104.11764705882354,99.0,1.1325301204819278
761,-1,-1.0,1.0,88.37142857142857,76.0,0.7022564667033572
762,-1,-1.0,1.0,173.5,171.5,inf
763,-1,-1.0,1.0,89.17647058823529,92.0,0.28148774302620455
764,-1,-1.0,1.0,92.1,92.5,1.0087241003271539
765,-1,-1.0,1.0,57.5,50.0,0.3734076433121019
766,-1,-1.0,1.0,82.83221476510067,80.0,0.4887816646562123
767,-1,-1.0,1.0,69.32894736842105,74.0,0.3001850709438618
768,-1,-1.0,1.0,71.90625,70.5,0.04686078252957234
769,-1,-1.0,1.0,109.8,103.0,2.0842696629213484
770,-1,-1.0,1.0,86.0,86.0,0.0
771,-1,-1.0,1.0,61.93617021276596,57.0,0.143811394891945
772,-1,-1.0,1.0,118.22222222222223,112.0,3.4149377593360994
773,-1,-1.0,1.0,52.01754385964912,49.5,0.020127300877343886
774,-1,-1.0,1.0,154.0,152.5,inf
800,67,38.983429534328366,-77.02057433104477,83.31904761904762,71.5,0.8088493745477101
801,123,38.975850874878056,-77.0133623917886,56.069148936170215,48.0,0.3120487926313169
802,134,38.97075754761194,-77.00456900970148,75.54729729729729,72.0,0.2950715237157584
803,154,38.99207299532467,-77.00387385818182,48.47933884297521,42.0,0.09891345073061071
804,218,38.98244441426606,-77.01314664761469,70.51372549019608,65.0,0.40520475148483903
805,168,38.98348773232142,-76.99922500690475,78.6054054054054,64.0,0.7760136785539814
806,107,38.9878031382243,-76.9909559742056,93.55944055944056,92.0,1.444545952859492
807,289,38.98598973439446,-76.98828363435986,123.08527131782945,141.0,5.270932069510269
808,174,38.976372333390806,-76.99496299011494,57.81159420289855,57.5,0.06686279753944906
